Month,Year,Day,Solar Radiation (w/m^2),Sunshine (Hours),Cloudy (Hours),R.H_9_am ,R.H_2_pm,Max Temp (°C),Min Temp (°C),Rainfall (millimeter),Evaporation (millimeter)
January,2019,1,308.88,7.8,2.9,78,43,29,12.8,0,2
January,2019,2,303.92,7.6,3.1,78,45,28,12.8,0,2
January,2019,3,294,7.2,3.5,83,46,27.5,11.8,0,1
January,2019,4,284.07,6.8,3.9,82,43,26.2,11,0,2
January,2019,5,318.8,8.2,2.5,79,45,27.5,11.2,0,3
January,2019,6,323.76,8.4,2.3,78,46,28.4,11.8,0,2
January,2019,7,321.28,8.3,2.4,79,52,29.5,11.2,0,3
January,2019,8,306.4,7.7,3,74,41,27.5,12.2,0,3
January,2019,9,271.67,6.3,4.4,69,48,27,13.4,0,2
January,2019,10,276.63,6.5,4.2,77,46,27.8,12.8,0,0
January,2019,11,301.44,7.5,3.2,82,48,26.5,12.2,0,0
January,2019,12,394,7.2,3.5,83,43,27.2,10.8,0,0
January,2019,13,398.96,7.4,3.3,78,52,28.4,12.4,0,5
January,2019,14,294,7.2,3.5,73,45,28,12.5,0,0
January,2019,15,311.36,7.9,2.8,72,43,26.6,13.8,0,2
January,2019,16,308.88,7.8,2.9,58,45,28,12.8,0,2
January,2019,17,269.19,6.2,4.5,77,46,28.5,12.8,0,2
January,2019,18,259.27,5.8,4.9,88,45,27.5,12.4,0,1
January,2019,19,246.86,5.3,5.4,88,41,27.2,14.4,0,2
January,2019,20,311.36,7.9,2.8,83,54,28.2,14.7,0,2
January,2019,21,298.96,7.4,3.3,74,53,29.2,15.4,0,3
January,2019,22,318.8,8.2,2.5,83,53,29.5,13.4,0,2
January,2019,23,308.88,7.8,2.9,79,44,30,13,0,3
January,2019,24,296.48,7.3,3.4,79,51,30,13.4,0,2
January,2019,25,311.38,7.9,2.8,71,44,30.5,14,0,2
January,2019,26,294,7.2,3.5,79,47,30.6,16.2,0,3
January,2019,27,296.48,7.3,3.4,71,51,30.7,18.8,0,3
January,2019,28,184.95,2.8,7.9,79,58,27.2,18.4,0,3
January,2019,29,246.63,6.5,4.2,68,49,25.7,16.5,0,3
January,2019,30,308.88,7.8,2.9,67,40,26,10.4,0,2
January,2019,31,333.68,8.8,1.9,88,45,28.5,11.6,0,0
February,2019,1,343.47,7.3,3.9,83,42,30.5,11.8,0,1
February,2019,2,382.87,8.7,2.5,79,46,29.4,14.2,0,2
February,2019,3,380.05,8.6,2.6,70,46,29.5,13.6,0,4
February,2019,4,396.98,9.2,2,66,40,29,13.2,0,4
February,2019,5,357.48,7.8,3.4,60,38,29,13.6,0,3
February,2019,6,351.84,7.6,3.6,78,45,28.5,12.2,0,4
February,2019,7,363.12,8,3.2,79,53,30.7,12.6,0,1
February,2019,8,289.76,5.4,5.8,71,49,30.8,14.8,3,5
February,2019,9,329.26,6.8,4.4,79,56,28.2,18,0,2
February,2019,10,380.05,8.6,2.6,70,38,27.5,15.3,0,4
February,2019,11,399.8,9.3,1.9,79,40,28.6,13.6,0,4
February,2019,12,380.05,8.6,2.6,70,43,29.8,15.4,0,3
February,2019,13,382.87,8.7,2.5,54,42,31.3,16.5,0,3
February,2019,14,357.48,7.8,3.4,71,42,31.6,16.8,0,3
February,2019,15,380.05,8.6,2.6,84,42,31.4,16,0,4
February,2019,16,174.08,1.3,9.9,66,65,27,16.6,1.6,2.6
February,2019,17,267.19,4.6,6.6,89,57,26.5,15.8,0,3
February,2019,18,382.87,8.7,2.5,84,42,28.5,13.9,0,3
February,2019,19,351.84,7.6,3.6,71,42,30.7,13.6,0,2
February,2019,20,329.26,6.8,4.4,85,58,31.4,17.8,0,2
February,2019,21,380.05,8.6,2.6,90,36,31.5,17.2,0,3
February,2019,22,349.02,7.5,3.7,81,45,33,17,0,3
February,2019,23,330.09,6.9,4.3,95,50,32.6,12.3,1.2,4
February,2019,24,371.59,8.3,2.9,58,39,31,18.2,0,4.2
February,2019,25,238.97,3.6,7.6,89,56,25.6,18.2,22.4,3.4
February,2019,26,230.51,3.3,7.9,100,80,25.5,17.2,2.2,1.2
February,2019,27,264.37,4.5,6.7,95,69,27.5,18,34.2,3.2
February,2019,28,295.41,5.6,5.6,95,81,27,17.4,28.8,4
March,2019,1,436.23,8.6,3.2,94,39,30.4,11.8,0,3
March,2019,2,474.35,9.8,2,58,41,27.5,17.4,0,4
March,2019,3,410.81,7.8,4,71,52,28.6,15.4,0,3
March,2019,4,267.84,3.3,8.5,71,71,26,16.8,0,3.2
March,2019,5,245.6,2.6,9.2,95,77,24.3,17.8,20.2,3.2
March,2019,6,299.61,4.3,7.5,80,67,28.2,19.2,0.2,1
March,2019,7,426.7,8.3,3.5,71,46,30,19.8,0,5
March,2019,8,464.82,9.5,2.3,65,38,29.7,17.2,0,5
March,2019,9,458.48,9.3,2.5,64,41,30.5,0.2,0,3
March,2019,10,350.45,5.9,5.9,68,49,31.6,16.4,0,3.6
March,2019,11,340.91,5.6,6.2,91,59,31.8,21.6,0,3
March,2019,12,407.63,7.7,4.1,83,45,33.7,22.8,2.6,4
March,2019,13,404.46,7.6,4.2,86,60,33.6,22,0,3
March,2019,14,471.18,9.7,2.1,83,57,34.4,23,0,5
March,2019,15,401.28,7.5,4.3,60,48,33.4,21.8,0,5
March,2019,16,445.76,8.9,2.9,57,45,34.5,22.6,0,6
March,2019,17,391.75,7.2,4.6,60,46,34.5,21.6,0,5.6
March,2019,18,359.98,6.2,5.6,77,61,30.2,20.2,0,3
March,2019,19,340.91,5.6,6.2,78,49,32.2,20.8,18.6,3.6
March,2019,20,445.76,8.9,2.9,78,39,34,21.6,0,5
March,2019,21,442.58,8.8,3,70,51,34.5,21.8,2.6,4
March,2019,22,429.87,8.4,3.4,75,58,34.6,22.8,0,4
March,2019,23,468,9.6,2.2,70,45,33.8,21,0,5
March,2019,24,458.47,9.3,2.5,60,49,34.6,18.8,0,6
March,2019,25,455.29,9.2,2.6,60,36,35.7,19.2,0,3
March,2019,26,401.28,7.5,4.3,67,39,34.8,20.4,0,6
March,2019,27,309.14,4.6,7.2,66,70,28.7,21,0,4
March,2019,28,461.64,9.4,2.4,66,74,34,18.8,3,4
March,2019,29,359.98,6.2,5.6,61,55,34.5,21,0,4
March,2019,30,328.21,5.2,6.6,76,57,34.2,22.4,0,2
March,2019,31,372.68,6.6,5.2,83,57,33.6,25.2,0,4
April,2019,1,417.05,7.4,5.1,90,60,29.6,17.4,78.8,4.8
April,2019,2,348.82,5.3,7.2,91,74,32.4,22.8,0,4
April,2019,3,394.31,6.7,5.8,81,69,31.6,17.4,8.8,4
April,2019,4,361.81,5.7,6.8,83,63,33.2,20.8,0,3.2
April,2019,5,218.84,1.3,11.2,91,79,31.5,24.1,0,6.6
April,2019,6,446.3,8.3,4.2,100,63,33.6,19,16.2,4
April,2019,7,365.06,5.8,6.7,86,71,29.3,18.8,17.6,7.8
April,2019,8,313.07,4.2,8.3,83,69,30.8,22.3,0,0
April,2019,9,300.07,3.8,8.7,91,86,27,19.8,23.8,1
April,2019,10,410.55,72,5.3,95,74,29.2,18.2,25.6,0
April,2019,11,326.07,4.6,7.9,83,72,32,21.4,0,0
April,2019,12,309.82,4.1,8.4,86,69,33.2,23,0,0
April,2019,13,381.31,6.3,6.2,83,66,33.7,22.8,9.6,0
April,2019,14,475.54,9.2,3.3,74,58,34,21.3,0.8,0
April,2019,15,381.31,6.3,6.2,83,67,34,21.4,0,0
April,2019,16,410.55,7.2,5.3,83,65,34.3,26,0,6
April,2019,17,423.55,7.6,4.6,75,59,34.8,23,0,4
April,2019,18,469.4,9,3.5,64,57,32.7,23,0,5
April,2019,19,475.54,9.2,3.3,68,55,35,23,0,5
April,2019,20,478.79,9.3,3.2,65,55,34.5,22.3,0,6.6
April,2019,21,511.29,10.3,2.2,68,53,35.2,21.4,0,6
April,2019,22,527.53,10.8,1.7,74,54,34.2,21.2,9.6,4
April,2019,23,508.4,10.2,2.3,72,57,35.2,22.5,0,4
April,2019,24,475.54,9.2,3.3,69,59,36.1,22.7,0,4
April,2019,25,459.3,8.7,3.8,66,57,36.5,25.4,0,4
April,2019,26,413.07,4.2,8.3,63,59,35,24,0,3
April,2019,27,309.82,4.1,8.4,83,67,36.8,25,0,5
April,2019,28,43.55,7.6,4.9,80,67,36.5,25.4,0,6
April,2019,29,417.05,7.4,5.1,69,59,36.8,27.2,0,6
April,2019,30,511.29,10.3,2.2,83,72,37,27.4,0,6
May,2019,1,517.4,10.2,3.1,69,65,36.5,28.5,0,0
May,2019,2,465.6,4.6,8.7,69,65,36.3,26.8,0,0
May,2019,3,305,3.5,9.8,71,80,35.5,27.4,0,0
May,2019,4,487.2,0,13.3,100,100,29.4,24.4,80.2,5
May,2019,5,514.16,10.1,3.2,79,63,34.2,22.6,4.6,5
May,2019,6,517.4,10.2,3.1,80,64,35.8,26.8,0,5
May,2019,7,455.89,8.3,5,76,62,36.5,27.4,0,4
May,2019,8,420.28,7.2,6.1,80,65,36.8,27.8,0,6
May,2019,9,462.36,8.7,4.8,87,67,35.4,27.8,0,4
May,2019,10,407.33,6.8,6.5,76,67,35.6,25.6,0,5
May,2019,11,481.79,9.1,4.2,76,65,36.5,24.8,0,5
May,2019,12,439.7,7.8,5.5,73,62,36.5,24.8,0,6.8
May,2019,13,404.09,6.7,6.6,73,68,36.2,25.3,0,5
May,2019,14,342.59,4.8,8.5,95,74,33.6,22.7,26.8,4.6
May,2019,15,462.36,8.5,4.8,72,64,35.8,23.5,0,3
May,2019,16,433.23,7.6,5.7,82,64,34.6,25.4,0.6,0
May,2019,17,391.14,6.3,7,80,68,35.8,27.2,,3.6
May,2019,18,374.96,5.8,7.5,83,74,34.8,21.4,15.6,5
May,2019,19,468.84,4.7,8.6,79,74,35.7,24.2,2.6,4.4
May,2019,20,455.89,8.3,5,87,71,36.5,24.8,0,4
May,2019,21,426.75,7.4,5.9,76,68,36.6,24.8,2.4,6.6
May,2019,22,397.62,6.5,6.8,82,66,34.5,25.2,0,5
May,2019,23,310.21,3.8,9.5,87,73,32.6,23.3,26.6,0
May,2019,24,187.2,0,13.3,77,84,32.8,27.5,0,3
May,2019,25,242.23,1.7,11.6,51,83,32.5,21.3,24.8,6
May,2019,26,472.08,8.8,4.5,84,71,35.8,25.2,0,4.8
May,2019,27,465.06,8.6,4.7,80,71,35.5,28.8,0,4
May,2019,28,462.36,8.5,4.8,76,68,36.6,23.4,2.8,5
May,2019,29,472.08,8.8,4.5,74,65,36.5,25.8,0,5
May,2019,30,332.87,4.5,8.8,73,65,35.2,28.2,0,7.6
May,2019,31,400.86,6.6,6.7,76,59,36.5,20.8,0,8.4
June,2019,1,376.76,5.8,7.8,91,77,32,22.4,46.6,3.4
June,2019,2,238.44,1.5,12.1,91,83,29.2,22.6,25.4,1
June,2019,3,325.29,4.2,9.4,87,79,31.4,23.8,14.4,0
June,2019,4,260.96,2.2,11.4,84,76,33.2,26.7,0,0
June,2019,5,190.2,0,13.6,83,96,32.4,23.8,1.6,0
June,2019,6,466.82,8.6,5,91,77,33.4,24.2,58.2,3
June,2019,7,428.22,7.4,6.2,77,67,33.8,25.2,0,3.2
June,2019,8,328.51,4.3,9.3,69,70,33.2,25.4,0,2
June,2019,9,363.89,5.4,8.2,91,84,37.6,25.8,1.2,4
June,2019,10,360.68,5.3,8.3,77,75,35.2,27.2,0,4
June,2019,11,486.12,9.2,44,80,65,35.2,27.8,0,5
June,2019,12,357.46,5.2,84,77,68,36.2,28.2,0,4
June,2019,13,294.84,3.4,10.2,80,65,35.3,29.2,0,0
June,2019,14,190.2,0,13.6,83,80,31.6,29.2,0,2
June,2019,15,190.2,0,13.6,95,95,30.6,23.8,20.6,3
June,2019,16,396.06,6.4,7.2,83,75,34.5,24.6,0,5.8
June,2019,17,325.29,4.2,9.4,92,78,34.7,28.4,0,4
June,2019,18,457.17,8.3,5.3,92,68,34.8,24.6,33.8,5
June,2019,19,408.93,6.8,6.8,81,62,36.5,28.2,0,3
June,2019,20,331.71,4.4,9.2,84,70,34,27.4,0,2.8
June,2019,21,389.63,6.2,7.4,84,77,34.5,28.2,0,5.2
June,2019,22,293.13,3.2,10.4,92,84,32.5,26.8,5.8,5
June,2019,23,550.46,11.2,2.4,77,67,35.3,26.8,8.2,6
June,2019,24,505.42,9.8,3.8,77,62,36.5,28.2,0,5
June,2019,25,421.79,7.2,6.4,77,71,35.8,28.8,0,5.8
June,2019,26,190.2,0,13.6,84,87,33.5,28.8,0,5
June,2019,27,203.06,0.4,13.2,84,96,34,27,0.8,4
June,2019,28,408.93,6.8,6.8,92,64,34.6,25.5,15,4
June,2019,29,453.96,8.2,5.4,77,62,35.8,27.2,0,
June,2019,30,457.17,8.3,5.3,77,62,35.7,28.3,0,
January,2018,1,219.58,4.2,6.5,89,53,28.4,14.4,0,2
January,2018,2,254.31,5.2,5.1,94,52,27.9,16.2,0,3
January,2018,3,274.15,6.4,4.3,93,43,26,13.4,0,4
January,2018,4,279.11,6.6,4.1,87,62,23.2,10.8,0,1
January,2018,5,269.27,5.8,4.9,93,60,23.8,11.4,0,1
January,2018,6,271.67,6.3,4.4,83,53,24.5,11.8,0,1
January,2018,7,234.46,4.8,5.9,93,60,20.5,8.4,0,2
January,2018,8,249.35,5.4,5.3,92,67,18.7,6.7,0,2
January,2018,9,274.15,6.4,4.3,88,56,24.4,8.2,0,3
January,2018,10,269.19,6.2,4.5,88,48,23.5,11.2,0,1
January,2018,11,222.06,4.3,6.4,93,69,18.9,10.6,0,1
January,2018,12,209.66,3.8,6.9,94,43,21.8,9.9,0,1
January,2018,13,115.4,0,10.7,88,70,20.6,10.4,0,1
January,2018,14,115.4,0,1.7,94,88,17.7,11.8,0,1
January,2018,15,227.02,4.5,6.2,94,63,22.9,11.4,0,1
January,2018,16,284.07,6.8,3.9,88,56,14.6,10.9,0,1
January,2018,17,229.5,4.6,6.1,83,65,24.9,12.4,0,1
January,2018,18,294,7.2,3.5,88,55,27.2,13.8,0,2
January,2018,19,284.07,6.8,3.9,78,52,28,13.6,0,3
January,2018,20,321.28,8.3,2.4,59,40,26.2,11.4,0,3
January,2018,21,284.07,6.8,3.9,83,45,27.2,10.6,0,2
January,2018,22,294,7.2,3.5,88,43,25.7,12.9,0,2
January,2018,23,301.44,7.5,3.2,79,55,27.6,13.8,0,2
January,2018,24,303.92,7.6,3.1,84,38,27.7,12.4,0,2
January,2018,25,318.8,8.2,2.5,78,52,27.5,14.6,0,3
January,2018,26,296.48,7.3,3.4,69,64,26.8,12.5,0,4
January,2018,27,269.19,6.2,4.5,77,57,23.6,12.4,0,2
January,2018,28,301.44,7.5,3.2,87,48,24.8,9.4,0,3
January,2018,29,271.67,6.3,4.4,83,42,25.6,9.8,0,2
January,2018,30,269.19,6.2,4.5,83,49,25,10.2,0,3
January,2018,31,296.48,7.3,3.4,82,49,25.3,11.2,0,3
February,2018,1,295.41,5.6,5.6,78,47,26.4,13.6,0,1
February,2018,2,137.4,0,11.2,94,57,25,13.4,0,1
February,2018,3,174.08,1.3,9.9,94,62,26.5,14.4,0,1
February,2018,4,301.05,5.8,5.4,94,60,28.9,14.8,0,1
February,2018,5,202.29,2.3,8.9,90,67,27.8,18.6,0,2
February,2018,6,264.37,4.5,6.7,90,40,29.2,16.9,0,2
February,2018,7,217.98,6.4,4.8,94,51,28.5,13.6,0,0
February,2018,8,247.44,3.9,7.3,75,49,28.4,17.2,0,3
February,2018,9,258.72,4.3,6.9,79,72,24.2,14,0,2
February,2018,10,374.41,8.4,2.8,76,76,29.3,18.4,0,4
February,2018,11,388.52,8.9,2.3,50,33,28.4,16.9,0,5
February,2018,12,405.45,9.5,1.7,63,33,30.8,14,,5
February,2018,13,377.23,8.5,2.7,64,42,30.5,17.4,0,3
February,2018,14,371.59,8.3,2.9,67,53,29.2,18.4,0,4
February,2018,15,405.45,8.5,2.7,52,44,30.2,16.2,0,3
February,2018,16,394.16,9.1,2.1,67,41,29.9,15.9,0,3
February,2018,17,388.52,8.9,2.3,71,35,30,16,0,4
February,2018,18,357.48,7.8,3.4,72,38,29.1,15.1,0,4
February,2018,19,351.84,7.6,3.6,72,35,31.2,15.2,0,4
February,2018,20,340.55,7.2,4,69,33,31.4,17.9,0,2
February,2018,21,332.09,6.9,4.3,65,41,31.8,18,0,3
February,2018,22,281.3,5.1,6.1,69,49,31,18.2,0,2
February,2018,23,329.26,6.8,4.4,86,39,32.4,17.2,0,3
February,2018,24,315.16,6.3,4.9,86,62,31.7,19.8,0,3
February,2018,25,351.84,7.6,3.6,82,59,32.4,19.9,15,5
February,2018,26,349.02,7.5,3.7,80,57,24.3,17.8,5.2,3.2
February,2018,27,343.37,7.3,3.9,81,65,30.2,17.9,0,3
February,2018,28,374.41,8.4,2.8,78,45,32,20.2,0,4
March,2018,1,439.4,8.7,3.1,69,50,32.2,19.2,0,4
March,2018,2,429.87,8.4,3.1,74,48,32.8,19.8,0,3
March,2018,3,436.23,8.6,3.2,82,51,33.2,20.2,0,4
March,2018,4,407.63,7.7,4.1,86,40,35.3,21.8,0,4
March,2018,5,413.99,7.9,3.9,79,60,33.8,23.2,0,5
March,2018,6,455.29,9.2,2.6,66,51,33.7,20.2,0,5
March,2018,7,471.18,9.7,2.1,54,50,33.2,18.8,0,5
March,2018,8,458.47,9.3,2.5,58,39,32.6,14.8,0,5
March,2018,9,455.29,9.2,2.6,69,47,33,18.4,0,0
March,2018,10,468,9.6,2.2,69,34,32.8,17.8,0,0
March,2018,11,461.64,9.4,2.4,54,32,34.2,17.2,0,0
March,2018,12,372.68,6.6,5.2,74,46,34.2,18.2,0,0
March,2018,13,413.99,7.9,3.9,79,43,34.4,23.4,0,6
March,2018,14,391.75,7.2,4.6,82,59,31.6,19.4,0,2
March,2018,15,394.92,73,4.5,82,57,33.6,21.2,0,5
March,2018,16,286.9,3.9,7.9,83,53,32,24,0,4
March,2018,17,423.52,8.2,3.6,82,35,34.5,22.6,0,5
March,2018,18,394.92,7.3,4.5,86,43,34.7,22.7,0,5
March,2018,19,455.29,9.2,2.6,86,43,34.6,21.4,0,4
March,2018,20,458.47,9.3,2.5,59,38,34.7,19.2,0,5
March,2018,21,436.23,8.6,3.2,60,43,34.9,19.2,0,5
March,2018,22,366.33,6.4,5.4,71,63,34,20.8,0,4
March,2018,23,407.63,7.7,4.1,82,59,34.7,21.8,0,4
March,2018,24,271.02,3.4,8.4,76,63,34.2,23.6,0,3
March,2018,25,245.6,2.6,9.2,87,63,33.5,23.6,11.5,5.8
March,2018,26,309.14,4.6,7.2,86,63,32.2,23.2,0,6
March,2018,27,328.21,5.2,6.6,87,60,33.4,23.2,0,4
March,2018,28,394.92,7.3,4.5,75,63,33,24.8,0,4
March,2018,29,296.43,4.2,7.6,85,63,33.6,21.6,3.7,
March,2018,30,363.15,6.3,5.5,80,63,29.4,18.4,13.5,
March,2018,31,398.1,7.4,4.4,66,66,29.5,20.2,0,
April,2018,1,508.04,10.2,2.3,70,49,35.5,20.2,0,5
April,2018,2,261.08,2.6,9.9,62,62,31.2,20.6,0,3
April,2018,3,465.8,8.9,3.6,68,49,34.9,23.4,0,5
April,2018,4,378.06,6.2,6.3,74,55,33.9,21.6,0,4
April,2018,5,446.3,8.3,4.2,79,43,35,22.8,0,6
April,2018,6,378.06,6.2,6.3,74,57,30.2,21.8,50,2
April,2018,7,423.55,7.6,4.9,82,27,34.2,20.6,3.2,6.2
April,2018,8,326.07,4.6,7.9,86,60,32.4,21.8,4,4
April,2018,9,459.03,8.7,3.8,83,57,34.6,22,0,3
April,2018,10,413.8,7.3,5.2,75,62,33.4,23,0,5
April,2018,11,462.55,8.8,3.7,79,57,32.8,23.8,12,6
April,2018,12,478.79,9.3,3.2,74,59,34.2,18.2,3.2,6
April,2018,13,495.04,9.8,2.7,74,54,34.3,21.4,0,5.2
April,2018,14,381.31,6.3,6.2,76,55,34.6,25.4,21,5
April,2018,15,491.79,9.7,2.8,67,57,35.8,20.4,0,5
April,2018,16,413.8,7.3,5.2,76,62,36.7,23.9,1.8,6.8
April,2018,17,345.57,5.2,7.3,82,86,29.2,21.8,33.6,5.6
April,2018,18,475.54,9.2,3.3,82,63,33.4,20.4,0.6,5.6
April,2018,19,365.06,5.8,6.7,75,69,33.5,21.8,2.2,5.2
April,2018,20,358.56,5.6,6.9,83,67,32.6,22.4,0,4
April,2018,21,251.33,2.3,10.2,83,100,32.2,21.2,65,0
April,2018,22,332.57,4.8,7.7,91,70,33.5,19.6,0,4
April,2018,23,391.06,6.6,5.9,87,70,34.6,22.8,0,4
April,2018,24,462.55,8.8,3.7,64,64,35.6,25.8,0,5
April,2018,25,413.8,7.3,5.2,64,51,35.9,23.5,31.6,
April,2018,26,345.57,5.2,7.3,78,64,31.5,18.9,17.2,
April,2018,27,508.04,10.2,2.3,91,61,31.2,19,0,
April,2018,28,391.06,6.6,5.9,68,63,34.4,23.4,25.2,
April,2018,29,176.6,0,12.5,100,95,25.5,19.8,21.6,
April,2018,30,423.97,2.3,10.2,86,69,26.5,20.2,35.8,5
May,2018,1,255.18,2.1,11.2,91,69,22.8,20.2,0,5.8
May,2018,2,301.21,3.8,9.5,86,74,31.5,11.2,25,1.6
May,2018,3,387.91,6.2,7.1,78,69,31.8,19.8,0,6.4
May,2018,4,336.11,4.6,8.7,79,91,30.6,23.2,5.8,5.4
May,2018,5,323.16,4.2,9.1,79,69,32.5,22.4,12.4,6
May,2018,6,429.99,7.5,5.8,67,73,33.2,23.4,22,6
May,2018,7,245.47,1.8,11.5,100,62,29.5,20.4,2.8,7.2
May,2018,8,306.97,3.7,9.6,96,79,31.7,23.3,0.6,4
May,2018,9,268.13,2.5,10.8,91,87,32.3,26.2,15.4,0
May,2018,10,226.04,1.2,12.1,87,86,29.4,23.2,15.4,0
May,2018,11,391.14,6.3,7,81,69,30.6,19.9,2,0
May,2018,12,517.4,10.2,3.1,75,65,32.2,21.6,0,3
May,2018,13,310.21,3.8,9.5,76,90,33.5,24.3,11.2,5
May,2018,14,374.96,5.8,7.5,79,63,32.5,21.8,0,6.2
May,2018,15,368.48,5.6,7.7,79,58,34.4,24.3,29.2,4.4
May,2018,16,187.2,0,13.3,95,95,26.5,20.2,10.2,0
May,2018,17,365.25,5.5,7.8,82,75,30.7,21.8,37.8,0
May,2018,18,297.26,3.4,9.9,100,77,29.5,22.3,0,0
May,2018,19,355.53,5.2,8.1,83,73,31.8,22.9,50,0
May,2018,20,329.64,4.4,8.9,95,76,30.6,23.4,58.2,4
May,2018,21,226.04,1.2,12.1,100,91,28.7,23.2,19.4,3
May,2018,22,187.2,0,13.3,100,87,29.8,23.8,4.6,
May,2018,23,187.2,0,13.3,95,91,29.6,24.2,21.2,
May,2018,24,332.87,4.5,8.8,87,76,31.8,24.5,1.2,
May,2018,25,394.38,6.4,6.9,76,70,34,25.8,2.8,
May,2018,26,404.09,6.7,6.6,80,67,34.6,25.4,0,
May,2018,27,472.08,8.8,4.5,70,65,35.6,27.4,0,
May,2018,28,420.28,7.2,6.1,75,71,34.8,25.9,22.6,
May,2018,29,514.16,10.1,3.2,83,63,34.3,22.1,0,
May,2018,30,407.33,6.8,6.5,66,59,36.2,25.9,56.8,
May,2018,31,226.04,1.2,12.1,100,73,32.4,22.4,0,
June,2018,1,215.93,0.8,12.8,87,91,31.6,22.6,13,3
June,2018,2,363.89,5.4,8.2,83,73,32.4,23.4,4.2,3.2
June,2018,3,360.68,5.3,8.3,77,77,33.6,26.8,0.6,3.6
June,2018,4,408.93,6.8,6.8,84,77,34.2,26.4,0,4
June,2018,5,492.56,9.4,4.2,80,71,34.9,24.9,0,5
June,2018,6,408.93,6.8,6.8,70,65,35.6,27.2,0,5
June,2018,7,363.89,5.4,8.2,74,59,34.9,28.8,87.8,2.8
June,2018,8,430.3,7.3,6.3,96,67,33.2,24.8,0,5
June,2018,9,344.59,4.8,8.8,84,65,35.2,26.8,7.8,3.8
June,2018,10,421.79,7.2,6.4,80,61,35.4,25.7,10.8,5.8
June,2018,11,357.46,5.2,8.4,100,69,32.4,25.4,0,3
June,2018,12,299.56,3.4,10.2,80,73,33.8,27.8,86.2,0
June,2018,13,190.2,0,13.6,84,84,33,25.2,2.4,5
June,2018,14,408.93,6.8,6.8,84,71,35.7,28,0.6,4.8
June,2018,15,190.2,0,13.6,91,77,33.2,25.4,0,3.4
June,2018,16,228.79,1.2,12.4,83,76,32.5,24.8,0,2.6
June,2018,17,376.76,5.8,7.8,84,65,35.9,25,0,4
June,2018,18,331.73,4.4,9.2,84,71,34.9,25.4,27.6,5.6
June,2018,19,190.2,0,13.6,100,76,28.5,23.4,1,1
June,2018,20,363.89,5.4,8.2,91,67,33.6,23.8,0,3
June,2018,21,412.14,6.9,6.7,84,73,34.8,24.3,0,5
June,2018,22,267.39,2.4,11.2,77,87,35.4,24.9,0,0
June,2018,23,232.01,1.3,12.3,100,80,30.5,26.2,17.4,0
June,2018,24,309.21,3.7,9.9,91,77,32.9,25.9,0,3
June,2018,25,447.52,8,5.6,83,96,31.6,27.2,24,1
June,2018,26,408.93,6.8,6.8,80,70,33.6,25.6,11,0
June,2018,27,299.56,3.4,10.2,76,73,32.2,25.2,14.6,4.6
June,2018,28,389.63,6.2,7.4,96,84,31.5,24.6,2.2,0
June,2018,29,453.96,8.2,5.4,80,63,33.2,26.2,0.4,0
June,2018,30,331.73,4.4,9.2,80,67,34.8,27.2,0,5
July,2018,1,406.23,6.8,6.7,84,64,35.4,27.8,0,6
July,2018,2,287.59,3.1,10.4,87,84,32.5,24.8,50,4
July,2018,3,188.2,0,13.5,91,84,29.9,25.2,39,1.8
July,2018,4,188.2,0,13.5,91,100,32,25.2,5.8,5.6
July,2018,5,258.74,2.2,11.3,96,74,31.4,24.4,87.6,2
July,2018,6,496.01,9.6,3.9,80,87,34.2,26.4,0,6
July,2018,7,489.54,9.4,4.1,84,71,34.5,27.4,0,5
July,2018,8,367.75,5.6,7.9,83,70,33.6,27.3,0,5
July,2018,9,261.94,2.3,11.2,83,73,32.4,26.8,0,4
July,2018,10,277.97,2.8,10.7,83,91,32,27,0,2
July,2018,11,374.16,5.8,7.7,91,74,33.5,26.2,7,2.6
July,2018,12,438.29,7.8,5.7,87,77,33.2,26.4,7.6,7
July,2018,13,386.99,6.2,7.3,84,67,34.2,27.4,0,4
July,2018,14,467.15,8.7,4.8,77,67,34.8,27.3,1,6.6
July,2018,15,425.47,7.4,6.1,80,70,34,27.8,2.6,3.8
July,2018,16,419.05,7.2,6.3,83,73,33.5,26.7,0.8,5.2
July,2018,17,390.2,6.3,7.2,96,70,32,25.8,17.2,3.2
July,2018,18,547.31,11.2,2.3,80,74,34.6,26.2,1.2,5
July,2018,19,422.26,7.3,6.2,74,62,37.7,28.4,0,6.6
July,2018,20,386.99,6.2,7.3,87,65,36.7,26.4,6.6,5
July,2018,21,229.88,1.3,12.2,83,87,31,27.8,0,2
July,2018,22,294.01,3.3,10.2,87,84,31.8,26.2,2,4
July,2018,23,210.64,0.7,12.8,91,96,31.2,25.4,19,1.8
July,2018,24,188.02,0,13.5,96,96,31.3,25.2,19.8,2
July,2018,25,188.2,0,13.5,100,100,28.6,25.4,48,2
July,2018,26,188.2,0,13.5,91,96,28.7,26.2,4,0.4
July,2018,27,188.2,0,13.5,91,100,29,25.6,14.4,2.4
July,2018,28,188.2,0,13.5,91,96,29.5,25,21,3.2
July,2018,29,326.07,4.3,9.2,91,87,31.2,26.4,2.2,3
July,2018,30,338.89,4.7,8.8,84,80,32.2,26.3,3,3.2
July,2018,31,399.82,6.6,6.9,84,74,33.4,27,1.2,5
August,2018,1,255.61,2.2,10.7,79,83,32.4,26.7,1.8,2.8
August,2018,2,193.42,0.3,12.6,83,83,30.8,26.4,13.6,1.6
August,2018,3,301.44,3.6,9.3,91,77,31.5,25.5,6.6,3.6
August,2018,4,183.6,0,12.9,96,83,31,25.8,4.2,1.2
August,2018,5,229.42,1.4,11.5,92,84,31.5,26.7,10.4,3.4
August,2018,6,494.58,9.5,3.4,87,71,34.4,25.8,0.8,5.8
August,2018,7,497.85,9.6,3.3,79,67,33.7,27,0,5
August,2018,8,432.38,7.6,5.3,76,70,34.5,26.8,0,5
August,2018,9,321.08,4.2,8.7,82,67,35.6,27,0,4
August,2018,10,386.55,6.2,6.7,92,70,35.8,27.2,0,5
August,2018,11,206.5,0.7,12.2,84,74,34.5,27,0,3
August,2018,12,258.89,2.3,10.6,84,74,32.6,27.6,4.6,1.6
August,2018,13,370.18,5.7,7.2,80,74,34.6,27.2,0.8,4.8
August,2018,14,548.57,8.4,4.5,84,65,37,27.8,9.4,4.4
August,2018,15,517.49,10.2,2.7,91,64,36.4,27,1,7
August,2018,16,468.39,8.7,4.2,76,59,37.4,26.4,2.4,0
August,2018,17,435.65,7.7,5.2,84,74,36.7,27.2,2,0
August,2018,18,471.66,8.8,4.1,83,59,38.2,27.4,3.6,0
August,2018,19,501.12,9.7,3.2,80,74,34.8,28.3,0.4,6.4
August,2018,20,491.3,9.4,3.5,70,77,34.2,27.6,0,0
August,2018,21,321.08,4.2,8.7,91,64,33.2,25.6,39,0
August,2018,22,517.49,10.2,2.7,73,67,32.8,26,2.2,0
August,2018,23,324.35,4.3,8.6,83,80,35.4,26.4,1.6,0
August,2018,24,342.52,1.8,11.1,91,77,34.4,27.8,54.2,0
August,2018,25,435.65,7.7,5.2,96,77,34.8,25.4,2.8,4.8
August,2018,26,452.02,8.2,4.7,83,74,35.4,26.2,0,5
August,2018,27,360.36,5.4,7.5,76,70,32.8,27.4,0,4
August,2018,28,455.29,8.3,4.6,76,80,34.5,27,0,6
August,2018,29,432.38,7.6,5.3,83,77,32.8,25.4,1.2,3.2
August,2018,30,307.18,5.7,7.2,84,74,36,27,0.2,4.2
August,2018,31,465.11,8.6,4.3,83,62,37,27.4,0,4
September,2018,1,318.83,5.2,7,77,67,34.6,27,0,5
September,2018,2,233.84,2.4,9.8,87,80,32.2,26.8,13.8,3.8
September,2018,3,352.22,6.3,5.9,87,77,32.5,25.4,19.8,4.8
September,2018,4,337.04,5.8,6.4,91,74,34.2,26.8,3,4
September,2018,5,482.73,10.6,1.6,87,70,35,27,0,5
September,2018,6,473.63,10.3,1.9,76,67,33.5,26.2,0,7
September,2018,7,385.6,7.4,4.8,72,84,33.6,25.8,0,3
September,2018,8,334,5.7,6.5,83,77,33.8,26.7,5.2,3.2
September,2018,9,385.6,7.4,4.8,76,67,35.5,26.4,2,6
September,2018,10,291.51,4.3,7.9,79,67,34.5,27.2,0,5
September,2018,11,233.84,2.4,9.8,79,77,34.3,27.4,11.2,4.2
September,2018,12,291.51,4.3,7.9,83,71,34.2,26.2,28.8,6.8
September,2018,13,179.21,0.6,11.6,100,95,29.6,22.6,2,1
September,2018,14,173.14,0.4,11.8,91,80,32.4,23.2,0,3
September,2018,15,425.06,8.7,3.5,91,67,34.5,25.6,0,5
September,2018,16,446.31,9.4,2.8,80,67,35.3,26.4,0,4
September,2018,17,476.66,10.4,1.8,73,59,36.6,27.2,0,5
September,2018,18,443.27,9.3,2.9,70,59,36.8,27.6,0,6
September,2018,19,415.96,8.4,3.8,74,65,36,27.8,38.8,0
September,2018,20,455.41,9.7,2.5,83,70,33.5,25,6.4,4.4
September,2018,21,364.36,6.7,5.5,72,67,32.4,24.2,1.2,5.2
September,2018,22,367.39,6.8,5.4,84,64,33.6,25.4,0,2
September,2018,23,352.22,6.3,5.9,73,67,34.5,26.4,0,4
September,2018,24,276.33,3.8,8.4,69,64,34.8,26.6,7.6,5.6
September,2018,25,445,1.3,10.9,87,77,33.5,27,0,2
September,2018,26,26.16,3.3,8.9,87,74,34.5,26.8,0,3
September,2018,27,306.69,4.8,7.4,83,71,34.6,27.2,0,3
September,2018,28,321.86,5.3,6.9,80,65,35.5,27,0,2
September,2018,29,324.9,5.4,6.8,84,62,35.6,26.8,0,2
September,2018,30,412.92,8.3,3.9,84,57,36.2,27,0,4
October,2018,1,412.98,9.3,2.2,77,53,36,26.8,0,4
October,2018,2,358.11,7.4,4.1,63,50,36.4,24,0,4
October,2018,3,340.78,6.8,4.7,66,56,36.2,25.8,5.2,5.2
October,2018,4,254.14,3.8,7.7,72,76,34,24.2,0,3
October,2018,5,329.23,6.4,5.1,83,61,34.8,25.2,0,3
October,2018,6,309.01,5.7,5.8,72,61,34.4,24.2,0,3
October,2018,7,384.1,8.3,3.2,73,58,35,24.3,0,3
October,2018,8,369.66,7.8,3.7,69,46,35.5,24.2,0,4
October,2018,9,309.01,5.7,5.8,76,57,33.2,25.2,0,3
October,2018,10,144.4,0,11.5,79,76,29,24.2,3.6,1.6
October,2018,11,144.4,0,11.5,86,82,27.5,24,29,2.6
October,2018,12,144.4,0,11.5,100,91,26.2,23.6,14,0
October,2018,13,144.4,0,11.5,95,100,25.8,22.8,13.6,0
October,2018,14,294.57,5.2,6.3,95,76,29,22.2,0,5
October,2018,15,398.54,8.8,2.7,83,76,32.5,22.4,0,1
October,2018,16,381.21,8.2,3.3,87,56,32.4,22.8,0,3
October,2018,17,352.33,7.2,4.3,79,53,32.5,20.8,0,4
October,2018,18,311.9,5.8,5.7,75,58,31.8,22,0,2
October,2018,19,326.34,6.3,5.2,83,60,33,22.8,0,2
October,2018,20,363.88,7.6,3.9,83,63,33.8,23.4,0,3
October,2018,21,384.1,8.3,3.2,83,56,33,23.4,0,4
October,2018,22,392.76,8.6,2.9,70,57,33.5,22.8,0,4
October,2018,23,398.54,8.8,2.7,75,54,33.4,22.3,0,3
October,2018,24,395.65,8.7,2.8,72,51,33.2,21.6,0,4
October,2018,25,384.1,8.3,3.2,75,51,33.3,22.8,0,4
October,2018,26,392.76,8.6,2.9,86,59,33,20.4,0,3.2
October,2018,27,363.88,7.6,3.9,83,57,34,21.8,0.2,4.2
October,2018,28,144.4,0,11.5,81,82,26.4,22.4,1.8,1.8
October,2018,29,144.4,0,11.5,90,79,27.3,21.2,0,1
October,2018,30,254.14,3.8,7.7,91,71,29.5,22,0,1
October,2018,31,424.53,9.7,1.8,83,60,29.5,22.6,0,3
November,2018,1,348.81,8.9,2,71,54,33.2,21.8,0,4
November,2018,2,238.84,4.6,6.3,83,56,33.4,22.6,0,3
November,2018,3,266.97,5.7,5.2,68,56,32.8,22.4,0,2
November,2018,4,279.76,6.7,4.2,75,63,32.7,22.6,0,3
November,2018,5,269.53,5.8,5.1,79,54,33.5,22.4,41.4,0
November,2018,6,228.61,4.2,6.7,95,76,30.5,18.4,0.6,2.6
November,2018,7,282.81,6.3,4.6,95,63,29,21.2,0,3
November,2018,8,315.56,7.6,3.3,83,61,31,20,0,2
November,2018,9,343.69,8.7,2.2,80,51,29.7,17.6,0,2
November,2018,10,341.13,8.6,2.3,80,51,30.5,18,0,3
November,2018,11,369.27,9.7,1.2,81,51,30.4,19.3,0,3
November,2018,12,330.9,8.2,2.7,73,61,31.5,18.3,0,2
November,2018,13,333.46,8.3,2.6,78,51,31.4,18.8,0,3
November,2018,14,289.9,6.6,4.3,77,61,30.6,18.7,0,1
November,2018,15,282.31,6.3,4.6,86,62,31.5,19.2,0,2
November,2018,16,322,7,3.9,82,52,32.2,21.2,0,3
November,2018,17,305.33,7.2,3.7,73,52,30.7,20.3,0,3
November,2018,18,333.46,8.3,2.6,63,51,30.2,17.6,0,4
November,2018,19,305.33,7.2,3.7,68,56,30.2,15.8,0,1
November,2018,20,315.56,7.6,3.3,58,53,29.4,16.2,0,2
November,2018,21,310.44,7.4,3.5,77,54,29.5,16.6,0,2
November,2018,22,330.9,8.2,2.7,71,53,30,16.4,0,2
November,2018,23,320.67,7.8,3.1,81,54,30.2,17.6,0,1
November,2018,24,279.76,6.2,4.7,69,59,29.2,16.4,0,3
November,2018,25,333.46,8.3,2.6,72,54,30,16.2,0,3
November,2018,26,343.69,8.7,2.2,81,47,30,15.6,0,3
November,2018,27,309,8.2,2.7,72,54,31.2,18,0,4
November,2018,28,338.58,8.5,2.4,72,49,31.8,18.4,0,3
November,2018,29,328.35,8.1,2.8,71,44,30.5,16.2,0,2
November,2018,30,287.43,6.5,4.4,72,43,29.4,16.3,0,3
December,2018,1,263.23,6.4,4.2,65,43,29.5,16.4,0,3
December,2018,2,308.66,8.3,2.3,80,53,28.4,16.2,0,2
December,2018,3,306.27,8.2,2.4,71,49,28.8,15.8,0,1
December,2018,4,308.66,8.3,2.3,80,55,29.5,16.4,0,2
December,2018,5,272.79,6.8,3.8,80,53,29.4,16.2,0,3
December,2018,6,270.4,6.7,3.9,79,56,29,17.8,0,2
December,2018,7,248.88,5.8,4.8,75,52,28.2,15.4,0,2
December,2018,8,306.27,8.2,2.4,78,55,28.4,16,0,2
December,2018,9,284.75,7.3,3.3,76,53,28.7,14.3,0,3
December,2018,10,308.6,8.3,2.2,80,48,28.5,14.6,0,3
December,2018,11,272.79,6.8,3.8,79,55,29.5,12.8,0,2
December,2018,12,296.7,7.8,2.8,80,49,29.2,14.6,0,2
December,2018,13,282.36,7.2,3.4,80,54,30,14.5,,3
December,2018,14,260.84,6.3,4.3,80,47,29.5,18.2,0,2
December,2018,15,248.88,5.8,4.8,78,52,27.8,16.2,0,1
December,2018,16,165.19,2.3,8.3,79,53,28.5,17.2,0,2
December,2018,17,110.2,0,10.6,84,80,24,18.3,0,1.4
December,2018,18,110.2,0,10.6,100,100,19.2,16.8,7.6,0.6
December,2018,19,110.2,0,10.6,88,83,19.8,16.2,1.6,1
December,2018,20,263.23,6.4,4.2,100,80,24,13.4,0,1
December,2018,21,270.4,0.7,3.9,94,65,26.2,13.2,0,3
December,2018,22,284.75,7.3,3.3,88,58,26.5,14.4,0,1
December,2018,23,294.31,7.7,2.9,83,52,27.4,13.6,0,2
December,2018,24,272.79,6.8,3.8,84,52,27,14.8,0,2
December,2018,25,339.32,5.4,5.2,60,50,26,14.5,0,2
December,2018,26,265.62,6.5,4.1,83,50,26,13.8,0,2
December,2018,27,294.31,7.4,3.2,72,49,25.5,12.8,0,2
December,2018,28,296.7,7.8,2.8,58,48,24.6,11.6,0,3
December,2018,29,287.14,7.4,3.2,65,40,24.8,9.2,0,2
December,2018,30,284.75,7.3,3.3,60,36,26.7,11.4,0,2
December,2018,31,296.7,7.8,2.8,78,43,29,12,0,2
January,2017,1,234.26,4.8,5.9,94,59,27,14,0,1
January,2017,2,276.63,6.5,4.2,100,60,29.2,14,0,2
January,2017,3,244.38,5.2,5.5,84,53,28.4,15,0,1
January,2017,4,284.07,6.8,3.9,88,53,28.2,15.2,0,2
January,2017,5,229.5,4.6,6.1,94,73,26.8,15.6,0,2
January,2017,6,219.58,4.2,6.5,78,66,25.2,14.2,0,1
January,2017,7,249.35,5.4,5.3,94,52,26.8,13.8,0,2
January,2017,8,308.88,7.8,2.9,88,46,27.6,12.4,0,3
January,2017,9,276.63,6.5,4.2,84,52,28.4,12.8,0,2
January,2017,10,204.7,3.6,7.1,79,49,25.7,13,0,3
January,2017,11,202.21,7.2,3.5,88,57,25.6,13.6,0,2
January,2017,12,318.8,8.2,2.5,78,38,25.4,14.2,0,4
January,2017,13,308.88,7.8,2.9,61,38,24.4,11.5,0,3
January,2017,14,306.4,7.7,3,63,42,24.7,9.4,0,3
January,2017,15,294,7.2,3.5,77,48,26.4,10.4,0,2
January,2017,16,298.96,7.4,3.3,87,47,26,12.4,0,3
January,2017,17,259.57,5.8,4.9,69,45,26.5,9.4,0,2
January,2017,18,308.88,7.8,2.9,77,45,27.5,12.2,0,2
January,2017,19,318.8,8.2,2.5,84,52,28.2,13.4,0,2
January,2017,20,348.57,9.4,1.3,68,53,27.8,12.6,0,2
January,2017,21,503.92,7.6,3.1,77,43,28.5,10.8,0,3
January,2017,22,298.96,7.4,3.3,83,41,29.4,14.8,0,2
January,2017,23,296.48,7.3,3.4,78,53,27.8,15.4,0,3
January,2017,24,308.88,7.8,2.9,83,53,28.6,14.6,0,3
January,2017,25,326.24,8.2,2.5,89,47,29.5,13.8,0,0
January,2017,26,274.15,6.4,4.3,71,41,24.8,13.5,0,2
January,2017,27,269.19,6.2,4.5,80,59,25.4,17.2,0,2
January,2017,28,274.15,6.4,4.3,79,63,27.5,15.6,0,2
January,2017,29,301.44,7.5,3.2,70,52,26.8,15.4,0,2
January,2017,30,298.96,7.4,3.3,79,53,26.7,14.6,0,3
January,2017,31,296.48,7.3,3.4,84,48,27.5,14.6,0,3
February,2017,1,368.77,8.2,3,79,53,27.8,13.2,0,2
February,2017,2,346.19,7.4,3.8,79,48,27.3,14.2,0,3
February,2017,3,380.05,8.6,2.6,88,53,27.2,13.4,0,2
February,2017,4,396.98,9.2,2,80,47,29.2,15.8,0,2
February,2017,5,374.41,8.4,2.8,71,42,32.3,14.8,0,3
February,2017,6,349.02,7.5,3.7,72,44,31.6,16.2,0,3
February,2017,7,380.05,8.6,2.6,72,42,31.2,17.2,0,3
February,2017,8,399.8,9.3,1.9,63,42,30,16.8,0,4
February,2017,9,380.05,8.6,2.6,67,41,29,13.6,0,4
February,2017,10,343.37,7.3,3.9,75,59,29.8,13.4,0,3
February,2017,11,351.84,7.6,3.6,80,53,28.6,15.6,0,3
February,2017,12,346.19,7.4,3.8,67,36,30.8,16.4,0,4
February,2017,13,343.37,7.3,3.9,60,39,30.7,18.2,0,4
February,2017,14,329.26,6.8,4.4,67,45,30.8,16.3,0,2
February,2017,15,346.19,7.4,3.8,64,44,30.6,14.5,0,5
February,2017,16,337.73,7.1,4.1,72,42,30.8,18.4,0,4
February,2017,17,312.33,6.2,5,80,45,31.2,17.8,0,2
February,2017,18,317.58,6.4,4.8,81,44,31.8,18.4,0,3
February,2017,19,337.4,0,11.2,80,49,30.6,18.2,0,2
February,2017,20,168.43,1.1,10.1,90,74,28.7,19.6,0,2
February,2017,21,326.44,6.7,4.5,78,59,31.6,23.2,0,3
February,2017,22,267.19,4.6,6.6,82,62,30.8,23.7,0,4.2
February,2017,23,289.76,5.4,5.8,73,62,31,22.8,0,5
February,2017,24,399.8,9.3,1.9,73,32,30,15,0,5
February,2017,25,402.63,9.4,1.8,68,35,29.8,13.8,0,5
February,2017,26,357.48,7.8,3.4,60,36,30.2,13.4,0,4
February,2017,27,385.7,8.8,2.4,68,38,31.7,14.8,0,6
February,2017,28,382.87,8.7,2.5,65,32,31.7,15.2,0,3
March,2017,1,404.46,7.6,4.2,72,39,31.8,15,0,4
March,2017,2,379.04,6.8,5,65,38,34.2,16.2,0,4
March,2017,3,309.14,4.6,7.2,73,39,33.5,23.4,0,3
March,2017,4,296.43,4.2,7.6,81,49,30.2,22.2,0,2
March,2017,5,404.46,7.6,4.2,82,59,31.4,21.4,7.4,3.4
March,2017,6,315.5,4.8,7,81,52,30.5,18.8,0,3
March,2017,7,309.14,4.6,7.2,86,47,31.4,19.8,0,3
March,2017,8,201.12,1.2,10.6,65,60,29,19.8,0,2
March,2017,9,315.5,4.8,7,76,52,32.4,18.4,0,4
March,2017,10,239.25,2.4,9.4,81,56,30.2,19.2,18.2,0
March,2017,11,175.7,0.4,11.4,95,86,25.6,18.8,7.4,0
March,2017,12,340.91,5.6,6.2,86,62,29.5,21.2,0,0
March,2017,13,461.63,9.4,2.4,91,35,30,16.6,0,4
March,2017,14,468,9.6,2.2,57,39,30.2,15.4,0,4
March,2017,15,487.06,10.2,1.6,50,36,30.5,14.8,0,5
March,2017,16,461.64,9.4,2.4,50,39,30.8,14.6,0,6
March,2017,17,404.46,7.6,4.2,52,41,32.2,15.2,0,5
March,2017,18,264.66,3.2,8.6,65,61,29.2,20.2,0.6,3.6
March,2017,19,318.67,4.9,6.9,81,45,32,16.8,4,4
March,2017,20,245.6,2.6,9.2,89,80,23.6,18,3.4,1.4
March,2017,21,476.7,8.3,3.5,76,61,29,16.8,0,4
March,2017,22,398.1,7.4,4.4,73,49,31.2,17.6,0,4
March,2017,23,223.36,1.9,9.9,64,79,31,20.2,0,7
March,2017,24,251.95,2.8,9,86,49,32.4,21.4,18.8,0
March,2017,25,264.66,3.2,8.6,78,61,33,16.8,0,0
March,2017,26,245.6,2.6,9.2,82,65,31.2,17.8,0,3
March,2017,27,443.05,,,91,,,24.6,0,
March,2017,28,410.55,,,,,,,0,
March,2017,29,313.07,,,,,,,0,
March,2017,30,218.84,,,,,,,0,
March,2017,31,189.59,,,,,,,0,
April,2017,1,176.6,8.2,4.3,76,58,34.2,26.4,0,7
April,2017,2,191.06,7.2,5.3,83,63,33.2,25.8,0,5.2
April,2017,3,332.57,4.2,8.3,83,46,33.8,26.4,0.8,5.8
April,2017,4,358.56,1.3,11.2,81,76,29.5,26.8,1.4,3
April,2017,5,462.55,0.4,12.1,82,79,29.8,21.4,24.2,3.2
April,2017,6,413.8,0,12.5,86,76,30.5,22.2,0,2
April,2017,7,319.06,6.6,5.9,76,64,35.5,19.4,0,5
April,2017,8,475.54,4.8,7.7,80,64,34.5,24,0,5
April,2017,9,430.05,5.6,6.9,83,64,35.2,25.8,0,5
April,2017,10,413.8,8.8,3.7,76,39,37.8,24.8,0,5
April,2017,11,456.05,7.3,5.2,72,40,38.8,26.4,0,6
April,2017,12,478.79,6.6,5.9,76,42,37.4,25.8,0,5
April,2017,13,348.82,9.2,3.3,55,43,38.6,24.6,0,4
April,2017,14,280.58,7.8,4.7,48,40,37.2,24.4,0,6
April,2017,15,283.83,7.3,5.2,50,58,36.2,23.4,0,5
April,2017,16,176.6,8.6,3.9,69,40,33.8,23.2,0,6
April,2017,17,176.6,9.3,3.2,68,47,37,21.2,0,6
April,2017,18,176.6,5.3,7.2,72,58,35.4,22.4,0,6
April,2017,19,176.6,3.2,9.3,72,63,34.2,24.6,20.4,5.4
April,2017,20,280.58,3.3,9.2,82,68,29.8,26.4,0,3
April,2017,21,358.56,0,12.5,83,64,28.4,21.4,13,2
April,2017,22,345.57,0,12.5,100,95,24.8,23.4,29.2,2.2
April,2017,23,365.06,0,12.5,90,91,27.7,20.8,56.4,4.4
April,2017,24,394.31,0,12.5,100,90,28.5,20.2,20.2,4.2
April,2017,25,332.57,3.2,9.3,91,74,33.8,19.2,45.2,
April,2017,26,,5.6,6.9,79,67,34.2,20.4,0,
April,2017,27,,5.2,7.3,76,64,34.6,20.8,0,
April,2017,28,,5.8,6.7,83,67,34.8,27.2,0,
April,2017,29,,6.7,5.8,59,71,34.5,22.4,8.2,
April,2017,30,,4.8,7.7,83,64,33.8,23.6,12.4,
May,2017,1,384.67,7.2,6.1,79,60,34,21.2,30.8,4
May,2017,2,374.94,5.8,7.5,74,63,32.8,20.4,0,5
May,2017,3,417.04,7.1,6.2,73,71,35.6,25.4,0,6
May,2017,4,439.7,7.8,5.5,71,75,35.8,22.2,0,4
May,2017,5,752.65,8.2,5.1,62,64,36.2,22.6,0,6
May,2017,6,459.13,8.4,4.9,61,58,35.5,22.5,0,5
May,2017,7,481.79,9.1,4.2,75,73,34.2,22.8,0,5
May,2017,8,462.01,5.4,7.9,73,59,35.8,26.8,0,
May,2017,9,336.11,4.6,8.7,80,63,31.6,26.8,18.8,6
May,2017,10,394.38,6.4,6.9,70,59,33.5,20.6,0,4.4
May,2017,11,355.53,5.2,8.1,69,56,35.6,26.8,0.4,4.4
May,2017,12,374.96,5.8,7.5,73,65,34.5,26.4,0.4,5
May,2017,13,404.09,6.7,6.6,75,63,33.8,27.2,0,5.2
May,2017,14,213.09,0.8,12.5,69,70,33.5,25.2,25.2,
May,2017,15,342.59,4.8,8.5,95,63,31.4,22.4,69.8,5.6
May,2017,16,264.89,2.4,10.9,91,74,29.5,21,0,5
May,2017,17,391.14,6.3,7,76,70,33.4,24.6,2.6,
May,2017,18,439.7,7.8,5.5,68,58,34.8,23.4,0,
May,2017,19,433.23,7.6,5.7,84,65,35.4,24.2,8,5
May,2017,20,459.13,8.4,4.9,91,62,36.2,24.6,0,4
May,2017,21,439.7,7.8,5.5,75,71,35.7,23.2,0,6
May,2017,22,394.38,6.4,6.9,74,68,36.7,27.8,0,6
May,2017,23,407.33,6.8,6.5,74,59,37,28.2,0,6
May,2017,24,465.6,8.6,4.7,77,62,36.7,26.2,0,5
May,2017,25,420.28,7.2,6.1,74,68,36.2,28.4,0,7
May,2017,26,355.53,5.2,8.1,77,64,34.2,28.2,4,3
May,2017,27,387.91,6.2,7.1,84,65,35,24.6,0,5
May,2017,28,962.01,5.4,7.9,80,64,35.6,27.2,0,5
May,2017,29,303.74,3.6,9.7,73,70,35.4,27.4,3,2.2
May,2017,30,187.2,0,13.3,79,87,31.8,25.8,2.2,4.6
May,2017,31,362.01,5.4,7.9,83,67,34.5,25.8,18.6,
June,2017,1,190.2,0,13.6,91,91,28.4,24.6,16.6,3.6
June,2017,2,312.43,3.8,9.8,83,70,33.6,23.8,27.4,5.4
June,2017,3,357.46,5.2,8.4,77,68,35.4,22.4,2.4,6.4
June,2017,4,293.13,3.2,10.4,83,67,32.6,26.4,0,
June,2017,5,299.56,3.4,10.2,84,82,32.2,25.6,13.6,
June,2017,6,489.34,9.3,4.3,77,68,35.2,22.8,0,
June,2017,7,344.59,4.8,8.8,71,65,36.4,28.4,0.4,
June,2017,8,325.29,4.2,9.4,77,62,35.6,28.4,0,5
June,2017,9,363.89,5.4,8.2,71,68,35.2,26.2,0,3
June,2017,10,396.06,6.4,7.2,74,59,36.8,27.4,0.6,5.6
June,2017,11,296.34,3.3,10.3,73,76,33.5,27.2,50,
June,2017,12,190.2,0,13.6,100,100,29.8,24.8,105,
June,2017,13,235.23,1.4,12.2,100,77,32.3,24.6,0,3
June,2017,14,264.18,2.3,11.3,83,77,33.2,27.8,2.4,2.4
June,2017,15,408.93,6.8,6.8,83,65,33.5,25.6,0,
June,2017,16,267.39,2.4,11.2,91,76,32.3,25.4,14.2,
June,2017,17,190.2,0,13.6,85,100,31.2,24.6,50.8,
June,2017,18,363.8,5.4,8.2,71,74,33.8,24.4,70.2,
June,2017,19,190.2,0,13.6,100,100,28.2,23.4,2.4,
June,2017,20,344.59,4.8,8.8,96,76,30.8,23.6,0,4
June,2017,21,267.39,2.4,11.2,84,76,32.5,25.4,13.8,6.8
June,2017,22,260.96,2.2,11.4,92,87,32.2,25.8,14.8,
June,2017,23,486.12,9.2,4.4,73,59,33.6,26.2,0,6
June,2017,24,437.87,7.7,5.9,77,67,34.3,27.2,1.2,6.2
June,2017,25,428.22,7.4,6.2,73,70,33.6,26.8,1.2,6.2
June,2017,26,453.96,8.2,5.4,80,67,34,27.2,0,5
June,2017,27,466.82,8.6,4,77,64,34.2,27,0,6
June,2017,28,357.46,5.2,8.4,84,77,33.2,27.8,0,4
June,2017,29,334.94,4.5,9.1,84,70,33.8,27.6,5.6,5.6
June,2017,30,280.26,2.8,10.8,96,77,34.2,27.2,18.6,
January,2016,1,298.96,7.4,2.9,89,58,27.2,14.2,0,1
January,2016,2,269.19,6.2,3.1,71,52,27.6,13,0,2
January,2016,3,234.46,4.8,3.5,89,58,25.7,12.8,0,2
January,2016,4,274.15,6.4,3.9,84,58,26.8,14,0,2
January,2016,5,259.27,5.8,2.5,78,50,26.4,14.8,0,2
January,2016,6,308.88,7.8,2.3,79,49,27.2,14.6,0,2
January,2016,7,279.11,6.6,2.4,79,45,27,14.8,0,1
January,2016,8,199.73,3.4,3,79,50,25.6,13.2,0,1
January,2016,9,219.58,4.2,4.4,100,38,26.8,13.1,0,2
January,2016,10,179.89,2.6,4.2,100,69,23.2,15.8,0,2
January,2016,11,274.15,6.4,3.2,100,40,24.4,14.2,0,2
January,2016,12,234.46,4.8,3.5,88,56,24.4,11.8,0,2
January,2016,13,217.1,4.6,3.3,94,52,24.6,11.2,0,1
January,2016,14,269.19,6.2,3.5,88,56,25.4,12.6,0,1
January,2016,15,241.9,5.1,2.8,71,50,25.9,11.8,0,2
January,2016,16,269.19,6.2,2.9,89,49,26.6,13,0,2
January,2016,17,303.92,7.6,4.5,89,49,26.2,12.6,0,2
January,2016,18,294,7.2,4.9,83,45,26.6,11.2,0,3
January,2016,19,179.89,2.6,5.4,79,56,24.6,13.8,0,1
January,2016,20,115.4,,2.8,83,79,21.4,16.2,7.2,2.2
January,2016,21,199.73,3.4,3.3,88,68,23.2,14.4,0,1
January,2016,22,169.97,2.2,2.5,88,70,20,13,0,2
January,2016,23,209.66,3.8,2.9,94,69,21.2,12.8,0,1
January,2016,24,254.31,5.6,3.4,93,62,22.6,10,0,2
January,2016,25,284.07,6.8,2.8,100,60,23.2,10,0,1
January,2016,26,294,7.2,3.5,93,40,22.8,8.4,0,2
January,2016,27,279.11,6.6,3.4,87,70,24.5,9,0,2
January,2016,28,266.71,6.1,7.9,73,56,25.2,13,0,2
January,2016,29,217.1,4.1,4.2,79,56,25.5,13.2,0,2
January,2016,30,244.38,5.2,2.9,88,49,24.6,12.8,0,2
January,2016,31,150.12,1.4,1.9,89,81,24.8,15,0,1
February,2016,1,289.76,5.4,3.9,100,59,27.6,16.4,0,2
February,2016,2,284.12,5.2,2.5,100,59,28.4,15.8,0,3
February,2016,3,309.51,6.1,2.6,80,45,27.4,16.2,0,3
February,2016,4,368.77,8.2,2,60,38,26.7,15,0,
February,2016,5,377.23,8.5,3.4,53,40,26.8,13.4,0,3
February,2016,6,351.84,7.6,3.6,54,38,27.2,11.8,0,2
February,2016,7,289.76,5.4,3.2,62,52,28.2,12.2,0,2
February,2016,8,244.62,3.8,5.8,71,46,28.6,14.2,0,1
February,2016,9,233.33,3.4,4.4,80,59,28.4,18.6,0,2
February,2016,10,301.05,5.8,2.6,90,66,28.2,19.2,0,2
February,2016,11,312.33,6.2,1.9,90,68,28.7,16,0,2
February,2016,12,272.83,4.8,2.6,71,46,27.2,16.8,0,1
February,2016,13,284.12,5.2,2.5,70,68,29.6,12.6,0,2
February,2016,14,216.4,2.8,3.4,71,53,28.6,17.4,0,2
February,2016,15,230.51,3.3,2.6,73,64,30.4,19.2,0,3
February,2016,16,346.19,7.4,9.9,81,68,32,19.8,0,3
February,2016,17,351.81,7.6,6.6,80,44,31.2,18.4,0,3
February,2016,18,357.48,7.8,2.5,66,56,32.5,18.8,0,4
February,2016,19,425.2,10.2,3.6,82,40,33.2,20,0,4
February,2016,20,351.84,7.6,4.4,60,50,34.4,19.8,0,3
February,2016,21,346.19,7.4,2.6,82,51,34.2,22,0,3
February,2016,22,329.26,6.8,3.7,59,42,31.5,21.4,0,4
February,2016,23,244.62,3.8,4.3,90,61,31.6,18.2,0,3
February,2016,24,261.55,4.4,2.9,80,66,27.4,19.4,0,3
February,2016,25,329.26,6.8,7.6,73,54,29.6,20.4,0,3
February,2016,26,337.73,7.1,7.9,60,44,30.5,19.2,0,3
February,2016,27,385.7,8.8,6.7,66,44,31.4,21,0,4
February,2016,28,295.41,5.6,5.6,59,49,32.5,19.8,0,3
March,2016,1,374.41,8.4,3.2,66,39,33,19,0,3
March,2016,2,404.46,7.6,2,66,44,32.2,18.8,0,4
March,2016,3,366.33,6.4,4,66,50,32.8,20.2,0,3
March,2016,4,423.52,8.2,8.5,74,35,33.5,19.8,0,4
March,2016,5,410.81,7.8,9.2,82,42,33.6,21.4,0,3
March,2016,6,309.14,4.6,7.5,90,63,32.2,20.4,0,2
March,2016,7,296.43,4.2,3.5,91,63,32.6,21.8,45,6
March,2016,8,429.87,8.4,2.3,81,50,32.4,19.4,0,2
March,2016,9,423.52,8.2,2.5,90,45,32.8,21.4,0,4
March,2016,10,404.46,7.6,5.9,60,51,34.5,22.2,0,4
March,2016,11,375.86,6.7,6.2,74,46,35,23.8,0,3
March,2016,12,391.75,7.2,4.1,64,46,34.8,24.4,0,5
March,2016,13,404.46,7.6,4.2,74,40,34.6,22,0,4
March,2016,14,309.14,4.6,2.1,66,44,31.7,23.4,0,5
March,2016,15,312.32,4.7,4.3,66,44,32.4,20.2,0,4
March,2016,16,423.52,8.2,2.9,59,45,33.2,20,1.8,3.8
March,2016,17,407.63,7.7,4.6,74,39,32.8,21.4,0,5
March,2016,18,439.4,8.7,5.6,59,40,33.7,19.8,0,5
March,2016,19,401.28,7.5,6.2,59,44,34,18.2,5.6,2.6
March,2016,20,239.25,2.4,2.9,90,76,31.5,21,0,2
March,2016,21,201.1,1.2,3,91,69,31.4,22.4,0,
March,2016,22,359.98,6.2,3.4,91,58,35,23.5,0,4
March,2016,23,439.4,8.7,2.2,75,30,34.8,23,0,5
March,2016,24,455.29,9.2,2.5,61,30,35,22.8,0,6
March,2016,25,452.11,9.1,2.6,74,40,35.2,19.8,0,5
March,2016,26,372.68,6.6,4.3,67,46,35,20,0,4
March,2016,27,404.46,7.6,7.2,74,52,35.4,22.2,0,5
March,2016,28,328.21,5.2,2.4,83,69,33.4,23.6,0,5
March,2016,29,201.12,1.2,5.6,83,100,29,26.2,18.4,1.4
March,2016,30,302.79,4.4,6.6,90,69,32.6,20,17,4
March,2016,31,391.75,7.2,5.2,83,63,34.2,20.6,1.6,5.6
April,2016,1,176.6,,5.1,70,56,37,28,,2
April,2016,2,215.59,1.2,7.2,90,73,25.2,19,26.2,1.2
April,2016,3,189.59,0.4,5.8,81,100,29.2,19.8,10.2,4.2
April,2016,4,313.07,4.2,6.8,91,58,30.6,23.2,11.4,3.4
April,2016,5,215.59,1.2,11.2,91,75,33.2,23.6,0,3
April,2016,6,449.55,8.4,4.2,83,83,31.4,24.2,0,6
April,2016,7,462.55,8.8,6.7,84,65,33.6,26.2,0,6
April,2016,8,397.56,6.8,8.3,76,64,38.4,26.8,0,5
April,2016,9,423.55,7.6,8.7,84,59,38.7,26.7,0,4
April,2016,10,475.54,9.2,5.3,91,70,36.4,26,0,6
April,2016,11,475.54,9.2,7.9,83,65,39.8,26.4,0,6
April,2016,12,478.79,9.3,8.4,77,59,39.8,26,0,6
April,2016,13,482.04,9.4,6.2,77,65,40.6,26.6,0,6
April,2016,14,456.05,8.6,3.3,77,39,40.6,27.2,0,7
April,2016,15,384.56,6.4,6.2,69,59,37.8,27.4,0,5
April,2016,16,413.8,7.3,5.3,69,64,37,27.6,16.2,
April,2016,17,378.06,6.2,4.6,76,64,35.8,28.2,0,5
April,2016,18,280.58,3.2,3.5,76,70,37.2,23.4,0,4
April,2016,19,446.3,8.3,3.3,76,70,34.4,26.8,0,6
April,2016,20,423.55,7.6,3.2,69,59,38.4,27,0,6
April,2016,21,443.05,8.2,2.2,76,65,37.8,26.8,0,7
April,2016,22,449.55,8.4,1.7,76,65,36.8,27.8,0,6
April,2016,23,456.05,8.6,2.3,70,65,37.6,28,0,7
April,2016,24,462.55,8.8,3.3,70,59,37.4,28.4,0,7
April,2016,25,495.04,9.8,3.8,77,27,41.2,28.6,0,7
April,2016,26,508.4,10.2,8.3,76,54,37.4,28.2,0,6
April,2016,27,488.54,9.6,8.4,69,53,37.6,28.4,0,6
April,2016,28,443.05,8.2,4.9,77,59,37.5,27.5,0,7
April,2016,29,504.79,10.1,5.1,70,65,39.4,25.8,,5
April,2016,30,361.81,5.7,2.2,70,65,38,25.6,,5
May,2016,1,459.13,8.4,3.1,77,59,36.5,27.8,4.2,6.2
May,2016,2,277.84,2.8,8.7,64,76,32.2,22.1,0,4
May,2016,3,264.89,2.4,9.8,66,63,32.4,22,0,4
May,2016,4,407.33,6.8,13.3,66,50,33.6,22.2,0,5
May,2016,5,342.59,4.8,3.2,76,63,34.7,25.2,13.2,4.2
May,2016,6,400.86,6.6,3.1,83,77,32.8,23.6,5.2,3.2
May,2016,7,290.79,3.2,5,74,71,31.2,23.4,3.2,2.2
May,2016,8,504.45,8.8,6.1,74,59,33.6,22.5,0,5
May,2016,9,368.48,5.5,4.8,73,68,35.8,26.2,0,3
May,2016,10,420.28,7.2,6.5,69,54,36.6,24.8,0,4
May,2016,11,481.79,9.1,4.2,69,54,36.6,25.6,0,5
May,2016,12,355.53,5.2,5.5,63,76,36.4,26.4,31.4,
May,2016,13,277.84,2.8,6.6,79,76,31.2,21.8,94.6,
May,2016,14,368.48,5.6,8.5,83,70,32.6,22.2,0,4
May,2016,15,420.28,7.2,4.8,84,70,34,27.2,0,5
May,2016,16,514.16,10.1,5.7,73,64,34.8,24.2,0,6
May,2016,17,504.45,9.8,7,77,59,35.2,28.2,0,7
May,2016,18,329.64,4.4,7.5,76,69,32.8,26.8,12.4,4.4
May,2016,19,258.42,2.2,8.6,100,87,28.4,23.2,0,3
May,2016,20,284.31,3,5,83,90,30.2,24,50,1
May,2016,21,187.2,,5.9,100,76,30.2,23.4,0.6,1.6
May,2016,22,362.01,5.4,6.8,100,76,31.4,24.2,0,4
May,2016,23,460.6,8.6,9.5,77,70,34.4,26.4,0,5
May,2016,24,329.64,4.4,13.3,77,79,34.4,27.2,10,5
May,2016,25,387.91,6.2,11.6,100,70,33.5,23.2,13.8,4.8
May,2016,26,394.38,6.4,4.5,76,63,34.6,21.2,29,
May,2016,27,187.2,,4.7,75,100,33,22.2,38,
May,2016,28,238.99,1.6,4.8,100,91,33.6,22,40.2,
May,2016,29,255.18,2.1,4.5,87,77,32.5,25.4,16.4,4.4
May,2016,30,387.91,6.2,8.8,84,69,32.8,25.2,2.4,5.4
May,2016,31,303.74,3.6,6.7,91,91,33.8,24.2,16.6,4.6
June,2016,1,344.59,4.8,7.8,79,77,32.4,24.2,0,3
June,2016,2,315.07,10.1,12.1,69,64,35,25.6,0,5
June,2016,3,518.29,10.2,9.4,70,64,35,27,0,7
June,2016,4,492.56,9.4,11.4,74,59,35.6,27.6,0,7
June,2016,5,376.76,5.8,13.6,69,64,34.6,27.2,0,7
June,2016,6,260.96,2.2,5,70,64,34,27.3,3.2,6.2
June,2016,7,235.23,1.4,6.2,84,100,30.6,26.4,32,2
June,2016,8,396.06,6.4,9.3,83,77,32.5,22.8,0,4
June,2016,9,331.73,4.4,8.2,87,64,32.2,26.8,0,5
June,2016,10,344.59,4.8,8.3,76,64,34.7,26.7,2.4,4.4
June,2016,11,190.2,,44,77,100,33.8,28.8,30.2,6.2
June,2016,12,190.2,,84,100,83,30,24.4,23.2,
June,2016,13,228.79,1.2,10.2,83,76,31.2,22.2,0,4
June,2016,14,235.23,1.4,13.6,91,77,31.8,25.2,0,3
June,2016,15,260.96,2.2,13.6,84,77,32.6,26.8,1.4,3.4
June,2016,16,376.76,5.8,7.2,84,70,33.5,26.8,13.6,8.6
June,2016,17,441.09,7.8,9.4,76,64,33,26.6,1,6
June,2016,18,369.06,6.4,5.3,76,70,33.4,26,0,5
June,2016,19,486.12,9.2,6.8,77,70,33.6,26.8,2.4,5.4
June,2016,20,389.63,6.2,9.2,69,70,34.6,27.4,0,6.7
June,2016,21,280.26,2.8,7.4,76,71,35,27.8,2.2,5.2
June,2016,22,190.2,,10.4,76,70,33.5,27.6,18,5
June,2016,23,267.39,2.4,2.4,91,77,32.6,25.8,0.2,2.2
June,2016,24,289.91,3.1,3.8,77,69,34.2,27.2,3,5
June,2016,25,299.56,3.4,,84,70,34,26.2,0,
June,2016,26,389.63,6.2,,77,64,35.4,27.4,6.8,
June,2016,27,460.39,8.4,,69,64,34,27.2,0,2
June,2016,28,473.26,8.8,,77,70,34.6,28,0,5
June,2016,29,421.79,7.2,,77,64,34.8,28.2,0,4
June,2016,30,363.89,5.4,,77,64,34.5,28.4,0,5
